productname,productid,productimage1
Xoài Cát,6116fdf3-473f-4324-af54-1b950076ef52,https://firebasestorage.googleapis.com/v0/b/storgeimage.appspot.com/o/Product%2Fdownload.jpg?alt=media&token=f6653141-62b5-4141-b885-e830f9687e36
Gạo ST25,b7237f07-c2bf-48d7-a630-3faaac02cfcc,https://firebasestorage.googleapis.com/v0/b/nongsan-3d7a3.appspot.com/o/products%2FG%E1%BA%A1o%20ST25%2F6cf79cff-d8af-4192-92ad-b048b588398d?alt=media&token=d3b59d38-51e8-4ef2-bafc-9ca24d46dbe6
Gạo nếp,95827b65-ec7b-405b-bd26-6558d04211cf,https://firebasestorage.googleapis.com/v0/b/nongsan-3d7a3.appspot.com/o/products%2FG%E1%BA%A1o%20n%E1%BA%BFp%2Fd0c49e6b-a457-47ae-bbe4-f85113fce5c6?alt=media&token=451836db-c525-4488-8707-fd41140cb637
Mãng Cầu Xiêm,aaa373ef-1cfe-4e6a-9c87-eeba7eaec713,https://5.imimg.com/data5/JA/EV/MY-50344271/soursop-500x500.jpg
Rau cải ngồng ,b11d5edc-9b25-4eab-8f56-aae3476a7082,https://encrypted-tbn0.gstatic.com/images?q=tbn:ANd9GcTmybaj4qq-bYPtvOwPh7nv_wdgMgZAZISGeQ&s
Cải Bẹ Xanh,ff2a70c5-3606-4e4a-af5a-cac6a860cab6,https://firebasestorage.googleapis.com/v0/b/storgeimage.appspot.com/o/Categories%2FRau%2Fcaibexanh%2Fcaibexanh1.jpg?alt=media&token=ac28fad9-4273-4149-a06b-529a1d5c7c95
Chuối Tiêu,ffcb432e-fc34-4881-adad-42e90f2d9fec,https://data-service.pharmacity.io/pmc-upload-media/production/pmc-ecm-asm/posts/chuoi-tieu-2.webp
Bắp Cải Tím,082496bb-56c6-4ecc-84af-3c46bebec65f,https://firebasestorage.googleapis.com/v0/b/nongsan-3d7a3.appspot.com/o/products%2FB%E1%BA%AFp%20C%E1%BA%A3i%20T%C3%ADm%2F88b49eff-08b3-4cd3-8a38-8d35f9701dcd?alt=media&token=bdb8138a-4383-4ff5-a110-ea50287a8e64
Rau ngót,ae4b4eee-886c-47fd-8bb2-6126dcb5f0ae,https://firebasestorage.googleapis.com/v0/b/nongsan-3d7a3.appspot.com/o/products%2FRau%20ng%C3%B3t%2F07ee4786-bdbe-4a60-a147-80364becee74?alt=media&token=cb4f9d42-d49a-4f6d-bfb0-69a1a827d228
Ổi Hồng,8c928aca-de9e-4d19-8915-fe4fb1c63ca7,https://firebasestorage.googleapis.com/v0/b/storgeimage.appspot.com/o/Product%2Foi-ruot-hong.jpg?alt=media&token=cd248448-1b47-4f90-9587-7d0f8e975e5e
Bí Xanh,f1aa0ac5-e531-4a37-9da8-c71367b8f203,https://th.bing.com/th/id/OIP.6u91t2I_nvrAFCAWhcwJ4gHaFL?rs=1&pid=ImgDetMain
Xoài Keo,8c80487d-9cb4-49df-ab63-9cde11eaf0a8,https://farm360.vn/images/29112019/154a6d396ef5599b2ccaad19c7d0f235.jpg
Bí Xanh,e78f8e7b-706a-4b3e-a137-16af136e81bf,https://th.bing.com/th/id/OIP.8meYQRTFvXzA2rHfLq4veQHaE8?rs=1&pid=ImgDetMain
Rau dền tím,7322fc17-a36f-4391-8eb5-0a263c060d85,https://firebasestorage.googleapis.com/v0/b/nongsan-3d7a3.appspot.com/o/products%2FRau%20d%E1%BB%81n%2F1ecb957c-d93f-4e51-93f3-5721ad9ed54c?alt=media&token=498e97f4-6081-4a01-a151-d7de4afe3273
Bí Xanh,87a8b5fb-6e0a-4062-9319-dc9f23faf5a5,https://th.bing.com/th/id/R.6cae6582ff4fa8288c1c370353698bbd?rik=PWbptObzBOz3Wg&riu=http%3a%2f%2fthucphamdongxanh.com%2fwp-content%2fuploads%2f2019%2f07%2fbi-xanh-4.jpg&ehk=nHaa%2ffVSfslVwjCqAdAdm7ET62Av9l26PATWrle3eME%3d&risl=&pid=ImgRaw&r=0
Cam Sành,fc3ec894-3b3e-480c-97e6-6f7e92029051,https://encrypted-tbn0.gstatic.com/images?q=tbn:ANd9GcRiYVfupKRuHflgCprs-tsJsl4rpCG81awYaA&s
Bạc hà,217b798b-e613-45cb-9f8f-046b0bf61dff,https://th.bing.com/th/id/OIP.DB59J8rohHpOuSKNgRALqwAAAA?rs=1&pid=ImgDetMain
Cà chua,9707b860-f329-419d-acb2-9113a142b7f2,https://firebasestorage.googleapis.com/v0/b/nongsan-3d7a3.appspot.com/o/products%2FC%C3%A0%20chua%2F5b2cbe3f-bac9-4fd8-8d0f-7e21399e88dc?alt=media&token=7ecda4c6-3eef-423a-b455-082ced21b997
Gạo thơm thái,b1955c4b-f011-4fd3-b92e-a38a92955a50,https://firebasestorage.googleapis.com/v0/b/nongsan-3d7a3.appspot.com/o/products%2FG%E1%BA%A1o%20ST25%2F2891efc4-a0f7-4b9b-9510-8df48dbfdd21?alt=media&token=fff7c30f-0a37-4667-8ecd-2d1de5fb73bd
Cải Thảo,997fa52b-548d-437e-a183-9ba64cff62ac,https://firebasestorage.googleapis.com/v0/b/storgeimage.appspot.com/o/Categories%2FRau%2Fcaithao%2Fcaithao1.jpg?alt=media&token=66c6105a-f624-4d1a-8045-09fa7f202221
Bắp Mỹ,373419b8-b75b-4421-b6e5-6baf13a60918,https://firebasestorage.googleapis.com/v0/b/nongsan-3d7a3.appspot.com/o/products%2FB%E1%BA%AFp%20M%E1%BB%B9%2Fee492f14-50c2-4058-9344-373ff0d1b3f0?alt=media&token=fd6403a5-3611-494c-bde3-6965c6fe364e
Nho Mỹ,3854e48e-b69c-4ab6-ae4b-99f28650b4e1,https://firebasestorage.googleapis.com/v0/b/storgeimage.appspot.com/o/Product%2FNhomy%2Fnho-khong-hat-den-my.jpg?alt=media&token=1cfdd125-ddeb-40ac-9ac1-76c2495ca594
Bí đỏ,878be5be-7ef7-4912-b0a5-fd18f6cd4201,https://firebasestorage.googleapis.com/v0/b/storgeimage.appspot.com/o/Product%2F3eaa3597-bd54-4994-99a1-433f2bdce1c1.jpg?alt=media&token=463b0b5c-9bd5-4405-9d81-4351fed47676
Cải ngọt,cbf585bb-6a0e-4eb7-9c3b-e0b373028fcc,https://bizweb.dktcdn.net/100/164/964/files/tac-dung-cua-rau-cai-ngot-voi-suc-khoe-con-nguoi-nhu-the-nao.jpg?v=1599216211805
Nho Mỹ,3c59ef98-feae-442d-85f1-39285e665a17,https://firebasestorage.googleapis.com/v0/b/storgeimage.appspot.com/o/Product%2FNhomy%2Fimages.jpg?alt=media&token=163e3435-150c-4f22-b499-ccdc478e0ec6
Bắp nếp,20955018-a13b-4e52-afd0-ede45b7a417f,https://firebasestorage.googleapis.com/v0/b/nongsan-3d7a3.appspot.com/o/products%2FB%E1%BA%AFp%20n%E1%BA%BFp%2F0396659f-38c3-4a9d-9275-88e264b6b719?alt=media&token=1f6fc82b-1313-4864-a665-b8be93e5d992
Đậu xanh,71694d49-0fd5-47f8-ba53-3ba5beb8ebce,https://firebasestorage.googleapis.com/v0/b/nongsan-3d7a3.appspot.com/o/products%2F%C4%90%E1%BA%ADu%20xanh%2F6bc433ef-1323-4db6-869a-f2eb4cc98477?alt=media&token=03898e27-8207-49dd-a7ee-c191d887b453
Bạc hà,793e3062-fda8-4ebe-bec3-82c0e6e479f9,https://th.bing.com/th/id/OIP.utBpA8QVaIEORY45BnAqwgHaE_?rs=1&pid=ImgDetMain
Hành lá,de77e80f-9035-4149-b2c0-be762d2012bf,https://firebasestorage.googleapis.com/v0/b/storgeimage.appspot.com/o/Product%2F-0-----nh------i-di---n-eva-1656640882-27-width640height480_schema_article.jpg?alt=media&token=b7d62730-da83-488d-bc98-25f421c3ed2b
Ớt Chuông,f126a3d5-9bf6-4cc2-80d6-f967979332c1,https://firebasestorage.googleapis.com/v0/b/nongsan-3d7a3.appspot.com/o/products%2F%E1%BB%9At%20Chu%C3%B4ng%2Fc61dbac9-592e-4df9-8866-b189f14955f7?alt=media&token=4325e06c-9be7-44f4-95e8-2c8c87202a66
Ớt xiêm,9efb3a6b-7c00-44e8-ae77-af67b604f973,https://firebasestorage.googleapis.com/v0/b/nongsan-3d7a3.appspot.com/o/products%2F%E1%BB%9At%20xi%C3%AAm%2F3f89b328-9c79-4394-9ae9-f1db5facef05?alt=media&token=d47fdb29-60c4-4264-952b-49c5490bf80d
Bí đỏ,2fc69a3e-4eaa-4f83-816e-86e208e1080f,https://firebasestorage.googleapis.com/v0/b/storgeimage.appspot.com/o/Product%2Fbi-do-ho-lo-hc_4b09542bba49493d808d642fed983deb_master_e5ea2249d40c49c4adda7670bf3d8406_1024x1024.webp?alt=media&token=023adcea-1419-4349-bbb5-9bfd76d2a6de
Bí đỏ,4fdbc9d0-775d-47f7-a49b-14472af06506,https://firebasestorage.googleapis.com/v0/b/storgeimage.appspot.com/o/Product%2Funnamed.jpg?alt=media&token=c96cc24e-54a7-4ab5-b2c9-303f989e0030
Dưa Chuột,f0bb7ae4-e6ef-4d01-95ae-4227920d52b3,https://th.bing.com/th/id/OIP.clKpl_5160T2Y2Ozu8sKCgHaE8?w=750&h=500&rs=1&pid=ImgDetMain
Rau húng quế,0bcba2bf-abd4-4f27-9703-a96c4def237a,https://th.bing.com/th/id/OIP.cruQhBf_NFKcHs-IHFEJfwHaHa?w=550&h=550&rs=1&pid=ImgDetMain
Nho Mỹ,abecbec8-7832-40e8-95e3-3bbafd24b73f,https://firebasestorage.googleapis.com/v0/b/storgeimage.appspot.com/o/Product%2FNhomy%2F176334586_2780710228925832_1031098562861576247_n.jpg?alt=media&token=7281dcba-f236-4051-a453-72f7beadb8b1
Xoài Keo,c69cd8ff-0939-4b5e-8861-867ac4ed7298,https://foody24h.vn/uploads/collections/xoai-keo-9499-2021-11-181.jpg
Rau tần ô,9bef9087-6d9c-4bd7-8248-b96202905dcd,https://firebasestorage.googleapis.com/v0/b/nongsan-3d7a3.appspot.com/o/products%2F%20Rau%20t%E1%BA%A7n%20%C3%B4%2Fc33a7def-1eab-4549-b4b6-64ae91b9c46a?alt=media&token=00ed3bb6-e8d2-4b76-a08a-1401f44c439e
Gừng,6a8c4009-0e0f-4323-bc3e-7b60ccca13cb,https://firebasestorage.googleapis.com/v0/b/nongsan-3d7a3.appspot.com/o/products%2FG%E1%BB%ABng%2F2d688046-e694-4dff-a629-86b0b21e7f9d?alt=media&token=27b86543-526b-46eb-83a2-495a6f166d4e
Đậu cô ve,ebb9d192-e38a-4051-a092-e774cdc399f1,https://firebasestorage.googleapis.com/v0/b/nongsan-3d7a3.appspot.com/o/products%2F%C4%90%E1%BA%ADu%20c%C3%B4%20ve%2Fb56545a3-a1c3-4074-839f-ca1dc769b956?alt=media&token=a9170469-6e78-44a6-83ca-5c4be432caab
Rau cải ngồng ,7abda2b1-1aa6-4e94-954f-574a7a9b5c7b,https://thucphamdongxanh.com/wp-content/uploads/2019/09/20190406102352H%E1%BA%A1t-gi%E1%BB%91ng-c%E1%BA%A3i-ng%E1%BB%93ng.jpg
Rau húng quế,c35ac233-cca3-4666-86b8-afaa54d074ba,https://firebasestorage.googleapis.com/v0/b/nongsan-3d7a3.appspot.com/o/products%2FRau%20h%C3%BAng%20qu%E1%BA%BF%2F86bb11e7-4629-4fd0-8ac3-f0df7f44426d?alt=media&token=97f87643-d505-448a-97d2-4ca59b061db8
Hành củ,8f8b3419-d960-40d0-b8a2-e93a3aa6e029,https://firebasestorage.googleapis.com/v0/b/nongsan-3d7a3.appspot.com/o/products%2FH%C3%A0nh%20c%E1%BB%A7%2Fde6e87ce-824c-487b-a319-1463ae6b7e52?alt=media&token=963edf32-a9cc-4f9a-853d-e876a8cea056
Củ đậu,9c679bd2-a436-4dc5-8419-e7869190adf7,https://firebasestorage.googleapis.com/v0/b/nongsan-3d7a3.appspot.com/o/products%2FC%E1%BB%A7%20%C4%91%E1%BA%ADu%2F56b670cd-05d8-418f-8866-144f785388b5?alt=media&token=b15d52e9-d69e-4187-a340-e454816d2fef
Giá đỗ,0552d60c-8b38-4dd5-95be-c152645c4d5a,https://firebasestorage.googleapis.com/v0/b/nongsan-3d7a3.appspot.com/o/products%2FGi%C3%A1%20%C4%91%E1%BB%97%2Fbf6d186b-3aa8-4aaf-beae-f8e49091dd48?alt=media&token=7683a011-f554-4153-957c-c67996eea044
Chanh không hạt,e507ce8a-6599-4816-98c9-54b2bcbe50cf,https://firebasestorage.googleapis.com/v0/b/nongsan-3d7a3.appspot.com/o/products%2FChanh%20kh%C3%B4ng%20h%E1%BA%A1t%2F130a3de7-c968-4807-bc44-ce11efbbacd7?alt=media&token=b4714abc-a8f8-4094-b3e5-e45e25e136cf
Dâu tây,55937f90-5b80-48f0-aa99-29562a04e141,https://firebasestorage.googleapis.com/v0/b/nongsan-3d7a3.appspot.com/o/products%2FD%C3%A2u%20t%C3%A2y%2Fa4b34716-aeac-4c65-9263-a9c42377d3a6?alt=media&token=ea3ec51c-007c-41e1-8ec9-26a31457e241
Ớt hiểm,e5a5a0d4-1de7-403f-8464-34ee1ba1416e,https://firebasestorage.googleapis.com/v0/b/nongsan-3d7a3.appspot.com/o/products%2F%E1%BB%9At%20hi%E1%BB%83m%2Feaac19c5-a012-4ad1-8549-0065fa6f2102?alt=media&token=37a591ee-02aa-4f58-997b-aa79074f4739
Riềng,7fcba7ba-7f74-4287-bfab-efab930514fa,https://firebasestorage.googleapis.com/v0/b/nongsan-3d7a3.appspot.com/o/products%2FRi%E1%BB%81ng%2Fb2a6d47c-3cba-4150-ac12-7e5863b64557?alt=media&token=15b97c13-990b-4de4-93b9-c40c43107e8d
Sả cây,10ba22c6-04ff-459a-b8a4-b0d2e0438956,https://firebasestorage.googleapis.com/v0/b/nongsan-3d7a3.appspot.com/o/products%2FS%E1%BA%A3%20c%C3%A2y%2F1b8008ac-bca5-4ea5-a2ee-2cd19cc0c954?alt=media&token=1b1638cf-8702-4eb1-b523-892a1d11111e
Su su,ac9cf104-d861-4f46-83ff-b218f1ee1f89,https://firebasestorage.googleapis.com/v0/b/nongsan-3d7a3.appspot.com/o/products%2FSu%20su%2F771593e9-f67e-4e06-8b66-14a4814cee81?alt=media&token=627271ec-49dd-4881-895e-cf01d9f373a6
Ớt xiêm xanh,0704609b-65b9-4ca9-857d-b9f5ed9ef750,https://firebasestorage.googleapis.com/v0/b/nongsan-3d7a3.appspot.com/o/products%2F%E1%BB%9At%20xi%C3%AAm%20xanh%2Fd0e984ca-d99b-4bb7-b2d1-591173e99736?alt=media&token=f21376c2-735e-47a5-80b9-e643fc18583e
Khoai môn,ad8f9da9-7062-472e-9893-52a4c999a664,https://firebasestorage.googleapis.com/v0/b/nongsan-3d7a3.appspot.com/o/products%2FKhoai%20m%C3%B4n%2F160ed3ec-dffe-4007-873a-37f080a347ce?alt=media&token=00654f0b-3ebf-4486-84e3-7b53a80ba1fa
Khoai mỡ,d70d9dbd-eb54-4888-875f-4da384a5a0a5,https://firebasestorage.googleapis.com/v0/b/nongsan-3d7a3.appspot.com/o/products%2FKhoai%20m%E1%BB%A1%2Fb44e15bd-286e-4533-9f5b-0f24ec751003?alt=media&token=faec9605-bd53-4782-87b1-df0cd0580c3b
Nấm hương,bb049c61-90d8-409c-ab84-baa8444a4fe0,https://firebasestorage.googleapis.com/v0/b/nongsan-3d7a3.appspot.com/o/products%2FN%E1%BA%A5m%20h%C6%B0%C6%A1ng%2F842b6e4c-d191-4865-95c1-b39755cf47dc?alt=media&token=7d307a67-b563-4a34-a291-25ca638f7b2f
Nấm đùi gà,aee7e386-fe84-4b16-8b65-4d844e686ce5,https://firebasestorage.googleapis.com/v0/b/nongsan-3d7a3.appspot.com/o/products%2FN%E1%BA%A5m%20%C4%91%C3%B9i%20g%C3%A0%2F098dcab5-b329-4c6a-90c7-7354001c61d9?alt=media&token=bcc99709-96de-4b15-9f21-f356ee1c659f
Bắp tím,201ba376-2945-4e67-a5da-bc72e08ce70d,https://firebasestorage.googleapis.com/v0/b/nongsan-3d7a3.appspot.com/o/products%2FB%E1%BA%AFp%20t%C3%ADm%2F5dbce8e2-e827-4433-86fe-02f69327fb7d?alt=media&token=0a5bb15d-1616-4d53-b90a-098427da5250
Nấm mèo đen,124b6214-1b3a-4649-9f0d-b9c690a70e66,https://firebasestorage.googleapis.com/v0/b/nongsan-3d7a3.appspot.com/o/products%2FN%E1%BA%A5m%20m%C3%A8o%20%C4%91en%2F7d0b7995-a2f7-48f1-a3eb-a3cdbdf57f92?alt=media&token=77bb067e-fa41-4b40-aa02-f8955a27bf87
Rau lang,a85e7c1e-115f-4f55-a4e5-dd6ce73fd290,https://firebasestorage.googleapis.com/v0/b/nongsan-3d7a3.appspot.com/o/products%2FRau%20lang%2Fdfcfc2df-8402-4e88-bce9-7f9c4a513889?alt=media&token=08d23dc7-d83d-4de2-8dab-6a6b1ef2bd16
Xà lách xoong,db3696a1-0136-4c07-a4cb-a206e724cfe6,https://firebasestorage.googleapis.com/v0/b/nongsan-3d7a3.appspot.com/o/products%2FX%C3%A0%20l%C3%A1ch%20xoong%2F0bbb1486-ba61-4418-a0d9-4d8a567cc5f0?alt=media&token=9fb44894-793d-4b85-aaa7-a583bf533448
Chanh đào,2d02e101-5ee9-41ec-b347-a971001b5977,https://firebasestorage.googleapis.com/v0/b/nongsan-3d7a3.appspot.com/o/products%2FChanh%20%C4%91%C3%A0o%2F15be2f96-4a37-4cbc-a9e2-00fbded069d9?alt=media&token=8ad5b822-1c9f-40bc-a41c-af18fee2176a
Rau diếp cá,b9e205bb-0b77-427d-a59d-008eaee578ca,https://firebasestorage.googleapis.com/v0/b/nongsan-3d7a3.appspot.com/o/products%2FRau%20di%E1%BA%BFp%20c%C3%A1%2F94faec4c-b54e-475b-9981-a95afb7eb959?alt=media&token=33edc9f6-2577-4aec-9e8e-179f9839b389
Bắp cải,485a8f26-f2fe-4e74-9c0f-7f16bf65a9e8,https://firebasestorage.googleapis.com/v0/b/nongsan-3d7a3.appspot.com/o/products%2FB%E1%BA%AFp%20c%E1%BA%A3i%2Fbdab327d-3693-4e7e-8d90-a566ac3da432?alt=media&token=7551042f-4367-449f-b54e-52ecb7327c64
Cải ngọt,0adf1bbd-9d32-43a9-a6af-e1ba5ddbdf4e,https://cdn.tgdd.vn/Files/2020/06/29/1266434/loi-ich-cua-cai-ngot-doi-voi-suc-khoe-202201060105487684.jpeg
Mướp hương,ec2fa345-6c98-4539-818b-019518468e46,https://firebasestorage.googleapis.com/v0/b/nongsan-3d7a3.appspot.com/o/products%2FM%C6%B0%E1%BB%9Bp%20h%C6%B0%C6%A1ng%2F44f00c07-d150-4d48-a57b-53e8bcae9ffe?alt=media&token=ad0eaffc-6cca-4368-9a42-64f3ab9d9a17
Cà tím,b86b17df-2a9c-4b26-9238-5f5e966ddae4,https://firebasestorage.googleapis.com/v0/b/nongsan-3d7a3.appspot.com/o/products%2FC%C3%A0%20t%C3%ADm%2F26fa320b-e815-433c-894a-6fccdf162b04?alt=media&token=dc9ab548-da47-493c-b565-fe1893bdeb54
Nấm đông cô,177968e0-43e0-4917-95b2-64f6e26d2e25,https://firebasestorage.googleapis.com/v0/b/nongsan-3d7a3.appspot.com/o/products%2FN%E1%BA%A5m%20%C4%91%C3%B4ng%20c%C3%B4%2F637a208e-3905-4e69-bdc0-9c2af3fdbea9?alt=media&token=c70c0747-7367-4e07-a7e3-1347063165f8
Rau húng quế,301d330c-7c93-4d98-afe6-f495b8f38552,https://cdn.tgdd.vn/Products/Images/8820/223351/bhx/rau-hung-que-tui-50g-202011111025460004.jpg
Rau húng quế,4f375901-b00e-49e5-9c77-eb0a598dd6ba,https://th.bing.com/th/id/OIP.OiMIevr0DB3mqKbtDQ2GIwHaFl?w=626&h=472&rs=1&pid=ImgDetMain
Rau húng quế,e7105aee-0637-4191-adce-c424c573408f,https://www.epicgardening.com/wp-content/uploads/2023/09/basket-of-organic-basil-leaves.jpg
Bí Xanh,063c670e-811e-4b5a-93ff-89c1af30ef33,https://th.bing.com/th/id/OIP.tTkwh8IjwtnCZnzrrJgI4wHaEL?rs=1&pid=ImgDetMain
Cam sành,92527e2a-ed91-4d1e-bede-46028b75a1a3,https://firebasestorage.googleapis.com/v0/b/storgeimage.appspot.com/o/Product%2FNhomy%2Fimages%20(1).jpg?alt=media&token=8bd1f6af-ac84-4356-b904-f861aa87ca67
Khoai tây,9713b024-ec7a-4d46-a57a-29842c4df02e,https://th.bing.com/th/id/R.aa673e4f2ae66e0e54d7065ee75522bd?rik=F4I1o%2bLu0eTf%2bg&riu=http%3a%2f%2fsamtuoingoclinh.com%2fuploads%2fsuc-khoe%2f2017_04%2fkhoai-tay-4.jpg&ehk=rnGLlxGSdqb%2fYknFbIntI1dYP05D6BW7EZGDzzvtxZg%3d&risl=&pid=ImgRaw&r=0
Cà rốt đỏ,7148f50f-8161-499d-8447-25a280ca2bbd,https://th.bing.com/th/id/OIP.1-EKlSyO4C9nfDVL7Tkg0QHaE8?rs=1&pid=ImgDetMain
Cải Bẹ Xanh,edeb67be-7462-4217-933a-328ca1ce611a,https://th.bing.com/th/id/OIP.XlE53i1ArPasu2cBBuYhrQHaFC?rs=1&pid=ImgDetMain
Rau mồng tơi,bfa825ec-c0dc-4cb7-8e71-e56351a93406,https://th.bing.com/th/id/R.40f3c4be90e62b2f956c520460c49d90?rik=jdR7GFS9wCKdIA&pid=ImgRaw&r=0
Rau mồng tơi,75e094a1-bd7c-4dd9-a8c9-e4e28ac625bb,https://th.bing.com/th/id/R.d3629ae9d495328d6b732306388620bc?rik=tqvEeq9jMeqzkg&pid=ImgRaw&r=0
Cỏ ngọt,b22da9ef-9a0f-4936-9440-aa4fb45dfb48,https://firebasestorage.googleapis.com/v0/b/nongsan-3d7a3.appspot.com/o/products%2FC%E1%BB%8F%20ng%E1%BB%8Dt%2F36d767f2-56cb-4b35-8468-0f46d8cbf656?alt=media&token=02362e07-04f7-4d31-be76-2c6c720a1c63
Rau mồng tơi,c5598931-19f2-4588-8f61-094d038c7269,https://th.bing.com/th/id/OIP.P6lDS-yDsina8J_EIoYQggHaHA?rs=1&pid=ImgDetMain
Dưa hấu đỏ,8e991b5f-b25e-44d3-a883-78f4f0384a05,https://firebasestorage.googleapis.com/v0/b/nongsan-3d7a3.appspot.com/o/products%2FD%C6%B0a%20h%E1%BA%A5u%20%C4%91%E1%BB%8F%2Fb2801d75-6b9a-456d-8651-eb98de4b17d2?alt=media&token=4d759829-a61d-44e9-8c74-665f2116ce7a
Đinh lăng,b8fe1fc1-e6c0-4c7f-beb9-801851d68a5b,https://firebasestorage.googleapis.com/v0/b/nongsan-3d7a3.appspot.com/o/products%2F%C4%90inh%20l%C4%83ng%2F5182f063-1cc8-41c1-8e50-ae0684ca32a2?alt=media&token=0900b7ab-d4fd-4550-8283-bc4762886b93
Dưa lưới,f5943e14-3c6e-46fb-a01d-fab1712c0421,https://firebasestorage.googleapis.com/v0/b/nongsan-3d7a3.appspot.com/o/products%2FD%C6%B0a%20l%C6%B0%E1%BB%9Bi%2Fca441828-1c1b-4138-bdf5-6cb5462ef286?alt=media&token=ef42a582-3fce-48de-a920-f67e8593bdfc
Chanh dây,c47a943f-1ffc-4246-a43a-3c23ec599115,https://firebasestorage.googleapis.com/v0/b/nongsan-3d7a3.appspot.com/o/products%2FChanh%20d%C3%A2y%2Fce0352e5-a6fe-4788-969e-64e9225ac5a5?alt=media&token=4cf0876b-1d92-479f-a171-7edb3f34495d
Rau má,0d7ec92b-4140-4a1f-afcf-2b842938d50e,https://firebasestorage.googleapis.com/v0/b/nongsan-3d7a3.appspot.com/o/products%2FRau%20m%C3%A1%2F25b3738d-e179-4a97-adf1-1d94655748bd?alt=media&token=91ffb8ae-b884-489c-a050-977726d89d83
Cà rốt đỏ,0aefea5a-03b3-44e5-9a69-03b727d22dfa,https://th.bing.com/th/id/OIP.kUcSmhgviTv_qo39G2ZHVgHaEJ?rs=1&pid=ImgDetMain
Dưa Chuột,18e7fd6b-a0fb-4017-8689-21a9ee7020cc,https://th.bing.com/th/id/OIP.mLGWLg7Cgwh_cZMtwOhEugHaDt?w=1400&h=700&rs=1&pid=ImgDetMain
Rau mồng tơi,91ab155e-8de9-4e11-819c-619e3e3a2b80,https://th.bing.com/th/id/OIP.VYyLfxkFtDcMkVVZ94GdVwHaEp?w=1170&h=734&rs=1&pid=ImgDetMain
Rau răm,1809e731-c2cb-4155-8036-dd52131e92a2,https://firebasestorage.googleapis.com/v0/b/nongsan-3d7a3.appspot.com/o/products%2FRau%20r%C4%83m%2Fb27d8694-6efa-4fe6-afee-362ac7b7d76a?alt=media&token=51def3f2-b125-4d72-b58e-c925695ba2c5
Hành tây,7286579f-c9fb-4fbb-be0c-0c6293e95ce9,https://firebasestorage.googleapis.com/v0/b/nongsan-3d7a3.appspot.com/o/products%2FH%C3%A0nh%20t%C3%A2y%2F65011215-1a40-41cf-9daa-2f6b9dc3ee1f?alt=media&token=f0f662c6-466e-47b1-b4d6-ba86a7c5dcc6
Cải Bẹ Xanh,a5612187-6268-4a5a-8d31-5b03e1c73e49,https://th.bing.com/th/id/R.1c0a6f3dfd7f26d039324fb8f9684416?rik=qXGfKGJEeJvSnw&pid=ImgRaw&r=0
Xà lách búp,47b6d73a-e73e-4f68-89be-68e1d2ed2709,https://encrypted-tbn0.gstatic.com/images?q=tbn:ANd9GcT116gIHzd9bGbHiCuKr5v81oiHuYjWUy_Mjg&s
Rau muống,5dedae03-b9c1-442e-aefe-6170e7a2aa6b,https://www.vinmec.com/static/uploads/small_20201118_142430_628828_rau_muong_max_1800x1800_jpg_2948d3f87d.jpg
Cải ngọt,e639b464-6d0a-4a96-a45b-d5ce23ccd3d8,https://chotaigia.com.vn/public/images/images/san-pham/rau/cai-ngot.jpg
Đậu đen,7c98427d-2501-4b7e-b69e-5d4496734bc7,https://firebasestorage.googleapis.com/v0/b/nongsan-3d7a3.appspot.com/o/products%2F%C4%90%E1%BA%ADu%20%C4%91en%2F14903e0e-8b8a-4e61-a6aa-9c16969ec4fa?alt=media&token=97f43ca9-c215-4c7f-84ce-6531752afa59
Đậu đỏ,359b6a3c-b2df-4cac-a951-74217b325175,https://firebasestorage.googleapis.com/v0/b/nongsan-3d7a3.appspot.com/o/products%2F%C4%90%E1%BA%ADu%20%C4%91%E1%BB%8F%2Fe4046d60-42a0-4de5-a938-3187959160d0?alt=media&token=18f94f2b-7a04-4818-9451-11ea08f85b35
Xà lách búp,77a202f0-8daf-4dfa-abae-9d9c1491cfe9,https://image-handler-prod.s3-ap-southeast-1.amazonaws.com/supplier/654/PRODUCT_IMAGE/14bc01e5-b0ba-4120-aa4b-8728a91a564c.png
Nấm sò,703d54fb-7fb5-4a59-9ac1-ee22461c152b,https://firebasestorage.googleapis.com/v0/b/nongsan-3d7a3.appspot.com/o/products%2FN%E1%BA%A5m%20s%C3%B2%2Fe9e0ab72-25b3-4009-8541-16580608b731?alt=media&token=a90219a6-81a0-44bd-bd60-821f3d284ba5
Nấm thủy tiên,850c5d2c-fd68-4f8e-8c6c-d806e3b4ebb7,https://firebasestorage.googleapis.com/v0/b/nongsan-3d7a3.appspot.com/o/products%2FN%E1%BA%A5m%20th%E1%BB%A7y%20ti%C3%AAn%2F3d226071-5b67-4507-a799-a37515f4b6c7?alt=media&token=c4e6e440-f79b-4e71-aa8d-242926fb62ea
Bí đỏ,f0e54b90-057e-4c7c-8e66-1b7fbfc0276d,https://firebasestorage.googleapis.com/v0/b/storgeimage.appspot.com/o/Product%2Fimages%20(2).jpg?alt=media&token=77777ba6-08f4-4509-96db-9f1e7a2d7cdc
Xà lách búp,28fe39cb-f025-41ed-aeb1-458efb9e07c2,https://firebasestorage.googleapis.com/v0/b/nongsan-3d7a3.appspot.com/o/products%2FX%C3%A0%20l%C3%A1ch%20b%C3%BAp%2F6a985ec6-b3c8-4118-8ed7-497b10ae572a?alt=media&token=72ae31e9-514c-4614-b87e-1f3547110429
Mít thái,71d94b79-71b6-4e00-b0d2-d8f349ef2929,https://firebasestorage.googleapis.com/v0/b/nongsan-3d7a3.appspot.com/o/products%2FM%C3%ADt%20th%C3%A1i%2F6a9925b6-c26e-4721-865a-a6143a2ff949?alt=media&token=f489f161-dee9-43a8-8afe-71d804b97a68
Mãng Cầu Xiêm,fbb8ce28-fbcb-48b8-bffb-d2d5c43ee142,https://firebasestorage.googleapis.com/v0/b/storgeimage.appspot.com/o/Product%2Fdownload%20(1).jpg?alt=media&token=179a76f8-d500-4a3d-bdaf-b00926bb3be2
Bơ sáp,19006f8c-ae90-4e6a-b058-d47dadeb8bf3,https://firebasestorage.googleapis.com/v0/b/nongsan-3d7a3.appspot.com/o/products%2FB%C6%A1%20s%C3%A1p%2F13f18107-471c-47af-bc43-d727b2fa3f45?alt=media&token=f46718b1-b562-425c-8ed8-abc94b816359
Bơ Booth,7a84a556-1ce7-49c6-898b-7dff1e90a558,https://firebasestorage.googleapis.com/v0/b/nongsan-3d7a3.appspot.com/o/products%2FB%C6%A1%20Booth%2Fea47c4ab-0705-4f08-bd72-6bec9259437d?alt=media&token=9b005b64-28ea-456e-a8f6-cf24cce3bd64
Bơ bốn mùa,3d867140-0f06-40bf-933e-786651722a42,https://firebasestorage.googleapis.com/v0/b/nongsan-3d7a3.appspot.com/o/products%2FB%C6%A1%20b%E1%BB%91n%20m%C3%B9a%2F6aae29e9-997f-4f1c-ac79-2f9a8f986644?alt=media&token=bf370c55-5d9e-41a5-b618-f69bfdb99fc1
Đậu nành,056688ae-3eb3-4962-bd60-f743d110ca66,https://firebasestorage.googleapis.com/v0/b/nongsan-3d7a3.appspot.com/o/products%2F%C4%90%E1%BA%ADu%20n%C3%A0nh%2F46bfc2cf-c183-4c12-8aba-7ec3c782fc4f?alt=media&token=0578ea8c-dfb0-49bf-bb4a-ee8458281d1b
Gạo ST24,f65e93b4-53e7-4a56-a3df-47cae2e462d8,https://firebasestorage.googleapis.com/v0/b/nongsan-3d7a3.appspot.com/o/products%2FG%E1%BA%A1o%20ST24%2Fac346f00-426d-4e52-a464-0a9ad06fa494?alt=media&token=0853ba57-8e43-4158-9ce8-70193f9a8e79
Ngô Bao Tử,b8e78200-4f48-45f6-9d4a-d16540c5add7,https://firebasestorage.googleapis.com/v0/b/nongsan-3d7a3.appspot.com/o/products%2FNg%C3%B4%20Bao%20T%E1%BB%AD%2Fa1a9eac5-8ce1-4cf6-a581-117c5c84a5e0?alt=media&token=28a44109-5423-4176-aab4-2da3034227e5
Cải Xoăn,a3dfb4e4-f510-450f-8618-97cd71b45c6c,https://firebasestorage.googleapis.com/v0/b/nongsan-3d7a3.appspot.com/o/products%2FC%E1%BA%A3i%20Xo%C4%83n%2F1e113830-be08-4b4e-838b-217a2b4eff6b?alt=media&token=0bc15c41-d7a0-4085-ab22-9461366e42d1
Khoai tây,cfd0f7a0-8a74-4cce-8f07-f499ad31b3f5,https://th.bing.com/th/id/OIP.G6afy3B2-lIgaKepOgExggHaEp?rs=1&pid=ImgDetMain
Mãng Cầu Xiêm,96704e75-69ab-46f5-b2f5-d934baa205ee,https://traicayvietflorida.com/wp-content/uploads/2021/09/soursop-traicayvietflorida-item-1.jpg
Bí đỏ,92cb63c7-2400-4c26-8b7e-40aa0228ef74,https://firebasestorage.googleapis.com/v0/b/storgeimage.appspot.com/o/Product%2Fimages%20(3).jpg?alt=media&token=9a5a35c1-16ca-4ba0-9a9d-ef9aadb4e808
Rau Đay,5860deb7-6b4b-4d25-9f3c-b704b3906e34,https://firebasestorage.googleapis.com/v0/b/nongsan-3d7a3.appspot.com/o/products%2FRau%20%C4%90ay%2F2c2999a2-be25-4c2a-8c65-4768095a3fbd?alt=media&token=da6aca13-914d-4381-b136-d1a5af6bbafe
Tắc (Quất),32a5dac6-d725-4677-9bcd-abe67387bf33,https://firebasestorage.googleapis.com/v0/b/nongsan-3d7a3.appspot.com/o/products%2FT%E1%BA%AFc%20(Qu%E1%BA%A5t)%2F20cf5d20-5c6d-4869-999e-b447b733a97a?alt=media&token=d5afa454-8575-4127-b770-3ebc45ddef59
Bí Xanh,bba9b794-28b8-4638-b8c8-47629c429733,https://th.bing.com/th/id/OIP.eGAEmkMBTu-NpzSmnlUf4QHaHa?w=800&h=800&rs=1&pid=ImgDetMain
Rau cải ngồng ,f30b9771-0d97-4ffd-98be-6acf59273a15,https://firebasestorage.googleapis.com/v0/b/storgeimage.appspot.com/o/Categories%2FRau%2Fcaingong%2Fcaingong1.jpg?alt=media&token=379edac4-a2f0-4857-ab2d-a3232cb80cf1
Lê,98d3b13b-a4ff-43d3-bba5-9d8b0612a5ca,https://firebasestorage.googleapis.com/v0/b/nongsan-3d7a3.appspot.com/o/products%2FL%C3%AA%2Fad11add3-ec7d-409e-afd6-72490074dd65?alt=media&token=6ff0e9d1-940f-4d9e-8e4e-faa8fa4559a0
Cải Bẹ Xanh,1e72998a-7b8b-4315-adf7-91fa9121ffa6,https://nld.mediacdn.vn/2016/img-3305-1474855577022.jpg
Cải ngọt,87bac591-c1e2-4d26-bd58-e1c64e9733a9,https://phunongseeds.com/wp-content/uploads/2021/02/cai-ngot-2-1.jpg
Vú Sữa,d9b9c823-f7cb-405b-a7f1-7c4ff2e38dee,https://firebasestorage.googleapis.com/v0/b/nongsan-3d7a3.appspot.com/o/products%2FV%C3%BA%20S%E1%BB%AFa%2Fe119cbb0-296f-47eb-ab52-fb8e5e7e5b16?alt=media&token=b992f4e4-22bf-4149-bb8b-34d56f7c1c35
Xà Lách Mỡ,3bf1108e-4b62-4df5-b5b5-273e195e7379,https://firebasestorage.googleapis.com/v0/b/nongsan-3d7a3.appspot.com/o/products%2FX%C3%A0%20L%C3%A1ch%20M%E1%BB%A1%2F461595af-8734-4ae4-ad68-93d271589902?alt=media&token=f6e24845-7051-4aea-a05a-e403bea301b6
Nấm kim châm,a89617f7-ceb2-45d4-9647-57720450407d,https://firebasestorage.googleapis.com/v0/b/nongsan-3d7a3.appspot.com/o/products%2FN%E1%BA%A5m%20kim%20ch%C3%A2m%2Fd06731df-f816-4e4d-98f2-c9a5d0146b74?alt=media&token=b53dd8f1-b6c4-438a-a1dc-f321eb1f2af2
Nhãn Lồng,e130af80-bc18-4858-be7a-a4f72194da8e,https://firebasestorage.googleapis.com/v0/b/nongsan-3d7a3.appspot.com/o/products%2FNh%C3%A3n%20L%E1%BB%93ng%2F472e1fb8-a48c-471c-a626-7ef7c3af4c36?alt=media&token=a49886c0-2c18-407f-a68d-572673cac862
Xà lách búp,bddfcaa8-5604-4119-a751-8215fa563107,https://firebasestorage.googleapis.com/v0/b/nongsan-3d7a3.appspot.com/o/products%2FX%C3%A0%20l%C3%A1ch%20b%C3%BAp%2Fd3f7d8cc-cea5-4ebd-a721-ff362df47030?alt=media&token=08824dbb-fa83-4e1b-804b-ba31eb60d3b0
Mận Bắc,a57208a8-13d1-41ef-a742-35fa27a7135f,https://firebasestorage.googleapis.com/v0/b/nongsan-3d7a3.appspot.com/o/products%2FM%E1%BA%ADn%20B%E1%BA%AFc%2F12f39071-310e-40db-a02d-a3d591961f8f?alt=media&token=dfd567fd-00d9-401d-9007-4895ebb60451
Nấm rơm,9fed2633-01b1-406e-9031-829b0d1b3cfc,https://firebasestorage.googleapis.com/v0/b/nongsan-3d7a3.appspot.com/o/products%2FN%E1%BA%A5m%20r%C6%A1m%2Fc1d55d97-1d75-43a4-bfa2-7fe1a3f4eb51?alt=media&token=587a1506-c4d8-4020-9793-f0a9b7b25381
Sầu Riêng Ri,6e7747f9-a868-4d35-93b6-8cc275f70ee2,https://firebasestorage.googleapis.com/v0/b/nongsan-3d7a3.appspot.com/o/products%2FS%E1%BA%A7u%20Ri%C3%AAng%20Ri%2F1c7a4f2b-6033-4266-afd3-97c02e80c0d2?alt=media&token=2bece77b-fb25-4993-b589-0b3c1483a5fb
Đọt Bí,4f6f26a6-ee7e-410b-92dd-5b0a191abee7,https://firebasestorage.googleapis.com/v0/b/nongsan-3d7a3.appspot.com/o/products%2F%C4%90%E1%BB%8Dt%20B%C3%AD%2F3400eb16-05fc-48e9-907e-4bfd87f4e908?alt=media&token=94b6eb2a-efef-49b1-8604-d923f9e4d075
Lá Mơ,c84ecb00-47d9-4064-a841-803e63df8f23,https://firebasestorage.googleapis.com/v0/b/nongsan-3d7a3.appspot.com/o/products%2FL%C3%A1%20M%C6%A1%2F8ff80117-4c37-4fbc-9ac9-09add7b0fe6c?alt=media&token=730ce044-2146-48f8-810e-f5330bde55ff
Sơ Ri,e7693ed6-a5b4-4383-8e54-be1c40ac04fa,https://firebasestorage.googleapis.com/v0/b/nongsan-3d7a3.appspot.com/o/products%2FS%C6%A1%20Ri%2F5ec52bbb-9394-469e-a2ea-449e64932d28?alt=media&token=24f88e50-e339-46bc-b659-8dbf23857a13
Vải Thiều,9b1acb85-0ccd-4afc-8a4c-19a59f810567,https://firebasestorage.googleapis.com/v0/b/nongsan-3d7a3.appspot.com/o/products%2FV%E1%BA%A3i%20Thi%E1%BB%81u%2Fed297547-e006-434d-adc0-8234522643a7?alt=media&token=718fe071-5085-42d9-85e3-c8cb20957837
Cải Bó Xôi,4e62bed0-f564-42c9-9593-3a050dbd90fa,https://product.hstatic.net/1000354044/product/spinach-with-root_a908f4303613407aa4212ff58f0a2301_master.jpg
Mít Tố Nữ,f2512fe1-a757-4e80-aecb-b04f62b4fd46,https://firebasestorage.googleapis.com/v0/b/nongsan-3d7a3.appspot.com/o/products%2FM%C3%ADt%20T%E1%BB%91%20N%E1%BB%AF%2F1a42dd39-f431-436e-a392-83150e999fbc?alt=media&token=4798da4e-cf51-446c-92ac-1f7a9e40cbc1
Cóc,c1113961-7957-41bf-9b34-7339c6fcf3b4,https://firebasestorage.googleapis.com/v0/b/nongsan-3d7a3.appspot.com/o/products%2FC%C3%B3c%2Fa1c137c9-34e9-4fc4-be01-9ed8266247b5?alt=media&token=fda8042a-2793-4bca-aece-bdfe33e3a953
Ngò Gai,024afd3f-cecd-434e-a8d4-95814bcac773,https://firebasestorage.googleapis.com/v0/b/nongsan-3d7a3.appspot.com/o/products%2FNg%C3%B2%20Gai%2F0de42bae-9c0b-4a6f-8060-9b09016c8d37?alt=media&token=93025e0b-6adc-4902-bd39-c6774460fa57
Cỏ ngọt,7ece191f-5a12-468b-aa29-dca3b690fd9c,https://firebasestorage.googleapis.com/v0/b/nongsan-3d7a3.appspot.com/o/products%2FC%E1%BB%8F%20ng%E1%BB%8Dt%2F388ab900-9e99-4140-9641-c5e952822ec0?alt=media&token=d59d9064-5f72-4b3a-b997-a4b910fb2620
Bí Xanh,5588b666-2f4b-4d9c-99da-7fcf62fcb18a,https://firebasestorage.googleapis.com/v0/b/storgeimage.appspot.com/o/Categories%2FCu%2Fbixanh%2Fbi-xanh-trai-dai_(1).jpg?alt=media&token=b552efbb-94ed-42a8-ba4b-c01ede88c799
Ớt Chỉ Thiên,c119f0ef-da67-49fa-8018-1302a761003e,https://firebasestorage.googleapis.com/v0/b/nongsan-3d7a3.appspot.com/o/products%2F%E1%BB%9At%20Ch%E1%BB%89%20Thi%C3%AAn%2Fa2196705-5e18-4175-802c-01eb6cd22709?alt=media&token=e8ddaa16-0e1f-42d6-bda4-79327ba6ea3c
Dưa Chuột,f4e7cca5-7bcb-4133-8572-328da7c75fba,https://victoryseeds.com/cdn/shop/files/munchercucumber.png?v=1700717259&width=1946
Cải Thảo,f77d63b0-335c-49fe-b1e1-5bfaeb2815ac,https://cdn.tgdd.vn/2021/05/CookProduct/thumb1-1200x676.jpg
Cải Bẹ Xanh,e24af3cd-fc9f-400c-8c76-8aba05a803b5,https://th.bing.com/th/id/R.7f63412c222a5c8ae1f773df37ddf617?rik=ROXrQyRjLvEjRQ&pid=ImgRaw&r=0
Xà lách búp,d498e65c-5e5f-4cb9-8dc8-f2077663c60f,https://images-handler.kamereo.vn/eyJidWNrZXQiOiJpbWFnZS1oYW5kbGVyLXByb2QiLCJrZXkiOiJzdXBwbGllci82NTQvUFJPRFVDVF9JTUFHRS82OWVmYzk0YS02NzgxLTQ1ZDgtYTVhYi02OGEwYWJiYjFjMDIucG5nIiwiZWRpdHMiOnsicmVzaXplIjp7IndpZHRoIjo1MDAsImhlaWdodCI6NTAwLCJmaXQiOiJmaWxsIn19fQ==
Nấm rơm,771df843-38b4-45ac-bbe2-1ea482b77860,https://firebasestorage.googleapis.com/v0/b/storgeimage.appspot.com/o/Categories%2FNam%2Fnamrom%2Fn%E1%BA%A5m%20r%C6%A1m%20t%C6%B0%C6%A1i%20s%E1%BB%89.jpg?alt=media&token=05212f64-79a0-4ce4-98d9-daefaf77f7bd
Nho Mỹ,fb3e75a3-4e51-4ff6-b295-408714d4f03d,https://firebasestorage.googleapis.com/v0/b/storgeimage.appspot.com/o/Categories%2FQua%2Fnhomy%2Fcay-nho-My-1.jpg?alt=media&token=0ca65445-2158-43e1-ae82-a6364bbbc1d8
Rau dền xanh,a3ef4a9b-0c76-48c0-95da-dfb895bcfce8,https://encrypted-tbn0.gstatic.com/images?q=tbn:ANd9GcTgD2KlI2YsPH2tp-qYmOAu02_z7z6i0GDxfg&s
Rau nhút,c38eadaf-8424-4f27-bb49-3f838ca26f28,https://firebasestorage.googleapis.com/v0/b/nongsan-3d7a3.appspot.com/o/products%2FRau%20nh%C3%BAt%2Fd1792065-dfd2-4000-8e4b-2cb5f8844eb3?alt=media&token=2dadd9c1-b280-41bf-be7d-dcc695e39f15
Cà Chua Bi,843b8fe6-27c5-4ddf-a6d2-9d4e2ab8a6c8,https://firebasestorage.googleapis.com/v0/b/nongsan-3d7a3.appspot.com/o/products%2FC%C3%A0%20Chua%20Bi%2Ffe9134c0-d704-4df6-be43-e65242cf2c61?alt=media&token=c6ffd661-5b2d-4abb-a98b-957a98bbedce
Ngò rí,4858f914-3a37-4bbf-8f26-2de12a62db42,https://firebasestorage.googleapis.com/v0/b/nongsan-3d7a3.appspot.com/o/products%2FNg%C3%B2%20r%C3%AD%2F9f6fc079-fd71-4d44-a5d3-6fc84fde3bf2?alt=media&token=00952e7f-c79d-43fa-af66-e7e5e0bbefff
Tía tô,f685cea6-faf6-4e8c-83a6-700140484490,https://th.bing.com/th/id/R.92fb5924f0f537935eba419cfe34d819?rik=fQOoMlaaha4i9w&pid=ImgRaw&r=0
Ổi Hồng,595ecbc3-673a-4d2a-b389-1ab9820a0b33,https://firebasestorage.googleapis.com/v0/b/storgeimage.appspot.com/o/Product%2Fimages.jpg?alt=media&token=c60ddced-4fb5-4ad8-a056-df1d6000ea6b
Rau thì là,9b7dc030-0a26-4cb7-8545-f3f1b6e642ea,https://th.bing.com/th/id/OIP.TsBovky3MbKND_zk5SnPcAHaFj?rs=1&pid=ImgDetMain
Xà Lách Tím,ee8aadd6-3875-41b4-846a-0ce5bb118452,https://firebasestorage.googleapis.com/v0/b/nongsan-3d7a3.appspot.com/o/products%2FX%C3%A0%20L%C3%A1ch%20T%C3%ADm%2F164837ef-1530-4141-b4ec-2f0befffe5d1?alt=media&token=dc030eed-20c8-4e2f-8865-a4b8b0592bf6
Cà rốt đỏ,0ab7dc44-b6d7-4e06-b2d7-54cd4115ee22,https://th.bing.com/th/id/R.1f2872b5f7d8d982ef8bd27482f6de5a?rik=unylZciaWgsDgg&pid=ImgRaw&r=0
Cà rốt đỏ,15ebe290-26c5-459b-80a6-5460995d67db,https://th.bing.com/th/id/OIP.Vavj9QSg66_ySFOzYmqTzAHaFD?rs=1&pid=ImgDetMain
Ổi Hồng,7a0f989f-f75d-4983-be79-7cc80f0021c9,https://firebasestorage.googleapis.com/v0/b/storgeimage.appspot.com/o/Product%2Fimages%20(1).jpg?alt=media&token=67e653dc-00f1-4a9d-934c-c962a499ebc5
Cải Bẹ Xanh,5e264091-95bf-4a75-bcc2-33960c09d499,https://th.bing.com/th/id/OIP.PNj9IrlJJ3JoQ_m5C_iU2QHaFj?rs=1&pid=ImgDetMain
Cải Thảo,731051b8-9cce-4cbd-9afc-22d4c5c5d792,https://ketnoigiaothuong.vn/wp-content/uploads/2021/09/bap-cai-thao-tui-1kg-3.jpg
Cải ngọt,5dd48644-da12-4b93-a89c-7dca9ac58eed,https://www.tagiatrang.vn/wp-content/uploads/2020/03/cai-ngot-4.jpg?v=1654599029
Cam sành,33a17c81-c183-41d8-87e9-ac8689dd207e,https://firebasestorage.googleapis.com/v0/b/storgeimage.appspot.com/o/Categories%2FQua%2Fcamsanh%2Fban_giong_cay_cam_sanh.jpg?alt=media&token=f93882f7-67e6-402a-8aa7-8c3b97d541ef
Cà rốt đỏ,7e24a671-98a3-45b7-86a7-d8fdfb7005f5,https://firebasestorage.googleapis.com/v0/b/storgeimage.appspot.com/o/Categories%2FCu%2Fcarotdo%2F15-tac-dung-cua-sinh-to-ca-rot-trong-chua-benh-va-lam-dep-ca-1579707621-141-width600height400.jpg?alt=media&token=dc2a115e-3172-43c2-9ef4-223c3f71e198
Nấm linh chi,e20090d4-1b6f-43c5-84ea-379252d5c990,https://firebasestorage.googleapis.com/v0/b/nongsan-3d7a3.appspot.com/o/products%2FN%E1%BA%A5m%20linh%20chi%2F0764e5c5-b206-4d95-8e21-d57cb8f47d30?alt=media&token=ad39a61f-6eb1-4814-a52e-53d63395f23f
Khoai Lang,3347df82-ca57-4d17-98f4-958e8e53d12f,https://firebasestorage.googleapis.com/v0/b/storgeimage.appspot.com/o/Categories%2FCu%2Fkhoailang%2FThanh-pham-1-7964-1645172246.jpg?alt=media&token=3840a644-bb9c-424d-9433-242611b472b8
Ổi Hồng,2ae5516a-ee07-489a-8d16-42113260fca2,https://firebasestorage.googleapis.com/v0/b/storgeimage.appspot.com/o/Product%2Foihong.jpg?alt=media&token=eb95c976-5818-4b84-946a-ee0ba1604b25
Nấm tràm,4c6fa416-615f-4807-b968-9bf9cae1b131,https://firebasestorage.googleapis.com/v0/b/nongsan-3d7a3.appspot.com/o/products%2FN%E1%BA%A5m%20tr%C3%A0m%2F17c674a1-6081-4f55-9f27-bbc173e5a7c7?alt=media&token=fbae2d4d-9a6b-4cb8-b6ff-4eb37d8bd3f7
Rau muống,8e422368-b502-45b9-8e16-5dc88e1b61bc,https://bizweb.dktcdn.net/thumb/1024x1024/100/433/551/products/rau-muong-2.jpg?v=1631109353223
Rau dền xanh,2e48b0ca-29be-4331-a7f6-ec7713488af2,https://encrypted-tbn0.gstatic.com/images?q=tbn:ANd9GcRAYo2TbmaL8rhZK58mwbWp-kMNgu-ZwF-7qg&s
Hành lá,5e382b17-bec6-4816-9b46-985e78971b6d,https://firebasestorage.googleapis.com/v0/b/storgeimage.appspot.com/o/Product%2Fh%C3%A0nh-l%C3%A1.jpg?alt=media&token=500aca56-08fe-4030-b404-76138f0e82fb
Tía tô,0abe0b3f-db26-4ade-b67b-b33ac969d524,https://th.bing.com/th/id/OIP.is3KzbGAhOoGmCqad61AHgAAAA?rs=1&pid=ImgDetMain
Rau nhút,9661f0b9-a8b6-49fa-ab6d-304679b76cf1,https://firebasestorage.googleapis.com/v0/b/nongsan-3d7a3.appspot.com/o/products%2FRau%20nh%C3%BAt%2F2bb52691-be0d-4042-ad2f-66e87bea8ac6?alt=media&token=f8642cdc-ad13-493f-9301-adc4a38c471b
Ngò rí,76346a15-f86a-4e36-befa-e842a787a089,https://firebasestorage.googleapis.com/v0/b/nongsan-3d7a3.appspot.com/o/products%2FNg%C3%B2%20r%C3%AD%2F9f6fc079-fd71-4d44-a5d3-6fc84fde3bf2?alt=media&token=00952e7f-c79d-43fa-af66-e7e5e0bbefff
Rau thì là,b70952f7-94f5-43b2-9b3d-d3a72b2416cc,https://th.bing.com/th/id/R.dbb5bb4269951e8d01a820ae36cf1d7b?rik=PhCHCOHim28SwQ&riu=http%3a%2f%2fvuahatgiong.com%2fwp-content%2fuploads%2f2018%2f02%2frau-th%c3%ac-l%c3%a0-4-m%c3%b9a-1.jpg&ehk=b3YeixBS9JaCrE%2f%2bClaKS4BnIIQFwL3SuiHNACDHUzA%3d&risl=&pid=ImgRaw&r=0
Rau muống,483811ce-3dfd-46b8-a852-5b6ece834034,https://suckhoedoisong.qltns.mediacdn.vn/324455921873985536/2023/9/6/14-cong-dung-tuyet-voi-cua-rau-muong-voi-suc-khoe-anh2-16940033928751881268635.jpg
Bạc hà,4ebfc054-39da-4b3c-9f11-9d423fa4e482,https://firebasestorage.googleapis.com/v0/b/nongsan-3d7a3.appspot.com/o/products%2FB%E1%BA%A1c%20h%C3%A0%2Fb38b4d37-5a7c-4b1d-be0c-225b5e4cce07?alt=media&token=9278170f-965a-4efd-9b5e-35bb423e081b
Rau dền tím,996e16c3-8d63-41d1-8a64-1cc5cc14d680,https://firebasestorage.googleapis.com/v0/b/nongsan-3d7a3.appspot.com/o/products%2FRau%20d%E1%BB%81n%2Faf837fff-8185-4d15-a497-62e16de99814?alt=media&token=3e7d660b-c953-45d8-9157-6313c3ebf231
Rau dền xanh,41c93acf-43f6-4679-badf-47bbfc1def43,https://trongraudothi.com/Uploads/rausach/rausach/avata/img/20190406103253H%E1%BA%A1t%20gi%E1%BB%91ng%20d%E1%BB%81n%20xanh.png
Hành lá,a892a150-9da8-4e08-a26a-f6aeaba7c6bd,https://firebasestorage.googleapis.com/v0/b/nongsan-3d7a3.appspot.com/o/products%2FH%C3%A0nh%20l%C3%A1%2F0f2f1e8d-cae7-4b10-8578-74b055b1edf1?alt=media&token=d25d4b97-43e8-475d-bc5d-b309e43105d7
Tía tô,c10e57bf-93bf-425c-843a-bf104e7e12e6,https://th.bing.com/th/id/OIP.nR6A9NzlRMGT_vg0RH8boAHaFj?w=1200&h=900&rs=1&pid=ImgDetMain
Rau nhút,05da9d1d-93a3-4552-89fa-bf167993180c,https://firebasestorage.googleapis.com/v0/b/nongsan-3d7a3.appspot.com/o/products%2FRau%20nh%C3%BAt%2F276988c8-a75d-44ab-92d7-b02958b66a9e?alt=media&token=b2232cc7-56b5-43b1-bd23-820e9ce44d8b
Rau thì là,6edc5aae-65c3-49be-926a-9140610964bc,https://firebasestorage.googleapis.com/v0/b/nongsan-3d7a3.appspot.com/o/products%2FRau%20th%C3%AC%20l%C3%A0%2F75da81ef-eaa9-47fa-b618-bf1efcebcff4?alt=media&token=2302ff61-c2cb-41f8-93e5-1ea60a054e82
Ngò rí,5d0e2a7f-dd77-4c7a-adab-30248b5fb09e,https://firebasestorage.googleapis.com/v0/b/nongsan-3d7a3.appspot.com/o/products%2FNg%C3%B2%20r%C3%AD%2F9f6fc079-fd71-4d44-a5d3-6fc84fde3bf2?alt=media&token=00952e7f-c79d-43fa-af66-e7e5e0bbefff
Xoài Keo,05ff5762-10eb-48c8-b769-e2395389ab45,https://foody24h.vn/uploads/collections/xoai-keo-9499-2021-11-187.jpg
Rau muống,a2776811-eed7-4c4a-89af-e03466b9ad33,https://firebasestorage.googleapis.com/v0/b/nongsan-3d7a3.appspot.com/o/products%2FRau%20mu%E1%BB%91ng%2F078e851d-8bfb-40a9-a9cd-77ed67eb465a?alt=media&token=4432c515-b77d-4e49-b269-297a9c045fe6
Khoai Lang,96c522f6-4e25-4cf9-8b97-91383ad761de,https://firebasestorage.googleapis.com/v0/b/storgeimage.appspot.com/o/Categories%2FCu%2Fkhoailang%2Fimages%20(1).jpg?alt=media&token=3174dccb-8f61-4d76-9152-9195342a7f80
Cải Bó Xôi,6261ab01-4a83-48da-bf60-85331280cde4,https://encrypted-tbn1.gstatic.com/images?q=tbn:ANd9GcT7RhH4SUrGPTanm1Dl2eRQLPULQXn3LIXRMXb3FngkgKDbQNUq
Rau dền xanh,e9fcdf70-27d5-4da8-b082-3e3cfb515ba7,https://firebasestorage.googleapis.com/v0/b/nongsan-3d7a3.appspot.com/o/products%2FRau%20d%E1%BB%81n%2Fc75d9c88-82b7-429a-94a3-2eee48ce6d58?alt=media&token=f1058fa3-c870-401b-b789-4eeddecd3e42
Tía tô,38de8777-e24e-477f-81df-ee4b63637b8b,https://firebasestorage.googleapis.com/v0/b/nongsan-3d7a3.appspot.com/o/products%2FT%C3%ADa%20t%C3%B4%2Ff69ccc78-bc5b-4117-943a-cd853a192b54?alt=media&token=0881df1f-bdca-4b23-a7a1-9e161fada9a3
Hương thảo,7c5306b9-9417-4fbc-845f-836af5531ec4,https://firebasestorage.googleapis.com/v0/b/nongsan-3d7a3.appspot.com/o/products%2FH%C6%B0%C6%A1ng%20th%E1%BA%A3o%2Fcbc3f470-0c3f-4984-ac81-09eece7ba81a?alt=media&token=a90249fc-1c67-4d5f-ae5b-655474f6c177
Rau tần ô,ac7f26d8-3103-4621-918a-c28f5859b668,https://firebasestorage.googleapis.com/v0/b/nongsan-3d7a3.appspot.com/o/products%2F%20Rau%20t%E1%BA%A7n%20%C3%B4%2F2c5babef-b47d-4812-84a1-f635a679aebb?alt=media&token=b5b3c220-e17e-4398-88d9-63ffb90e7f3b
Ngải cứu,9347c0d3-e71d-420f-b001-7f406363f200,https://firebasestorage.googleapis.com/v0/b/nongsan-3d7a3.appspot.com/o/products%2FNg%E1%BA%A3i%20c%E1%BB%A9u%2F077202cd-b954-4c53-a3f7-b53e799bba39?alt=media&token=b7b1979c-4ca1-4a01-b870-50e1f78ea42b
Xoài Keo,43b912f3-b32d-4c84-b508-83f3052e2350,https://encrypted-tbn0.gstatic.com/images?q=tbn:ANd9GcTgZ0sIN7HzvZjNS-sK-fQ-aE2TgvQiT67zfQ&s
Rau mồng tơi,85099c1a-c83e-4776-a44e-1344e28c93f9,https://th.bing.com/th/id/OIP.z83YfIq5wsdl4tUA7wYw5gHaEK?rs=1&pid=ImgDetMain
Cải ngọt,1ee13a8f-1e5e-4b87-be5b-3025ffc773d8,https://dungcuthuycanh.com.vn/upload/filemanager/Th%C3%B9ng%20tr%C3%A1i%20l%C3%A1/B%C3%B4ng%20c%E1%BA%A3i%20t%C3%ADm/H%E1%BA%A1t%20gi%E1%BB%91ng/C%E1%BA%A3i%20ng%E1%BB%8Dt/cai-ngot.jpg
Khoai tây,891ad178-c9b5-45f7-889b-ea8fe3fdcb75,https://th.bing.com/th/id/OIP.-IMr5LwP0qaF0Qgwm9cuSAHaFj?rs=1&pid=ImgDetMain
Dưa Chuột,42610d29-5882-4d8c-8339-e2eee4fd46e7,https://www.fao.org.vn/wp-content/uploads/2020/03/cach-trong-dua-leo.jpg
Cải Bó Xôi,2dc91836-8d62-4878-8d7b-c2dac6af933f,https://firebasestorage.googleapis.com/v0/b/storgeimage.appspot.com/o/Categories%2FRau%2Fcaiboxoi%2FBeFunky-collage-2021-06-03T095805.928-1200x676.jpg?alt=media&token=c011b83d-74a2-4da5-bbf7-a232af62f4fe
Nấm rơm,16dc77da-cb33-4093-832c-b7784f3910fe,https://firebasestorage.googleapis.com/v0/b/storgeimage.appspot.com/o/Categories%2FNam%2Fnamrom%2Fnam-rom-tuoi-85771604023899.jpg?alt=media&token=a4420805-a268-4365-b3c2-3470cce58d5f
Bí đỏ,5f267152-e153-4d48-abff-346267a5c9cc,https://firebasestorage.googleapis.com/v0/b/storgeimage.appspot.com/o/Categories%2FCu%2Fbido%2Fbido2.jpg?alt=media&token=081380e2-f442-43de-951a-75d579008159
Khoai tây,887d787f-fd37-4af1-827c-aabed635e47f,https://firebasestorage.googleapis.com/v0/b/storgeimage.appspot.com/o/Categories%2FCu%2Fkhoaitay%2Fkhoaitay1.jpg?alt=media&token=62e4da53-5e41-44f2-b8a0-708b833aaa8d
Dưa Chuột,5895c541-37c9-462e-9ff8-a89dd40d7bad,https://firebasestorage.googleapis.com/v0/b/storgeimage.appspot.com/o/Categories%2FCu%2Fdualeo%2F1427170173_dua_chuot_5a9e226b74.jpg?alt=media&token=1d767ceb-d3ab-4331-b82e-bcbd8ea2b90e
Rau mồng tơi,b729d242-4987-4c56-882d-d42f2acd5907,https://firebasestorage.googleapis.com/v0/b/nongsan-3d7a3.appspot.com/o/products%2FRau%20m%E1%BB%93ng%20t%C6%A1i%2F1277133c-3518-47fb-bc04-3af7be0a9155?alt=media&token=0f815ba1-40b1-4fbf-8767-d94a8e0b4a7c
